Model,MSO64B
Channel,CH2,,Channel,CH3
Label,,,Label,
Waveform Type,ANALOG,,Waveform Type,ANALOG
Digital Type,None,,Digital Type,None
Horizontal Units,s,,Horizontal Units,s
Sample Interval,1.00000000e-11,,Sample Interval,1.00000000e-11
Record Length,1000,,Record Length,1000
Zero Index,499.29687500,,Zero Index,499.29687500
Vertical Units,V,,Vertical Units,V
,,,,
ANALOG_Thumbnail,,,ANALOG_Thumbnail,
interpFactor,4,,interpFactor,4
realDataStartIndex,4,,realDataStartIndex,4
yOffset,0.000000,,yOffset,0.000000
yPosition,0.000000,,yPosition,0.000000

Labels,,
TIME,CH2,CH3
-4.99296875e-09,2.93359375e-01,2.60406250e-01
-4.98296875e-09,2.93593750e-01,2.60578125e-01
-4.97296875e-09,2.93234375e-01,2.59875000e-01
-4.96296875e-09,2.94421875e-01,2.60296875e-01
-4.95296875e-09,2.95015625e-01,2.60031250e-01
-4.94296875e-09,2.95218750e-01,2.59390625e-01
-4.93296875e-09,2.94828125e-01,2.58281250e-01
-4.92296875e-09,2.96000000e-01,2.58734375e-01
-4.91296875e-09,2.96531250e-01,2.58890625e-01
-4.90296875e-09,2.96687500e-01,2.59046875e-01
-4.89296875e-09,2.96203125e-01,2.58968750e-01
-4.88296875e-09,2.97187500e-01,2.60515625e-01
-4.87296875e-09,2.97500000e-01,2.61734375e-01
-4.86296875e-09,2.97312500e-01,2.62750000e-01
-4.85296875e-09,2.96406250e-01,2.63296875e-01
-4.84296875e-09,2.96890625e-01,2.64921875e-01
-4.83296875e-09,2.96625000e-01,2.65828125e-01
-4.82296875e-09,2.95890625e-01,2.66125000e-01
-4.81296875e-09,2.94531250e-01,2.65609375e-01
-4.80296875e-09,2.94531250e-01,2.65671875e-01
-4.79296875e-09,2.94000000e-01,2.64875000e-01
-4.78296875e-09,2.93203125e-01,2.63343750e-01
-4.77296875e-09,2.92031250e-01,2.61078125e-01
-4.76296875e-09,2.92281250e-01,2.59265625e-01
-4.75296875e-09,2.92218750e-01,2.56921875e-01
-4.74296875e-09,2.92015625e-01,2.54125000e-01
-4.73296875e-09,2.91562500e-01,2.51031250e-01
-4.72296875e-09,2.92281250e-01,2.48593750e-01
-4.71296875e-09,2.92703125e-01,2.46156250e-01
-4.70296875e-09,2.92796875e-01,2.43640625e-01
-4.69296875e-09,2.92515625e-01,2.41296875e-01
-4.68296875e-09,2.93000000e-01,2.39828125e-01
-4.67296875e-09,2.93093750e-01,2.38718750e-01
-4.66296875e-09,2.92687500e-01,2.37765625e-01
-4.65296875e-09,2.91921875e-01,2.37171875e-01
-4.64296875e-09,2.91781250e-01,2.37375000e-01
-4.63296875e-09,2.91453125e-01,2.38000000e-01
-4.62296875e-09,2.90812500e-01,2.38671875e-01
-4.61296875e-09,2.90140625e-01,2.39578125e-01
-4.60296875e-09,2.90250000e-01,2.41000000e-01
-4.59296875e-09,2.90546875e-01,2.42656250e-01
-4.58296875e-09,2.90796875e-01,2.44125000e-01
-4.57296875e-09,2.91250000e-01,2.45625000e-01
-4.56296875e-09,2.92468750e-01,2.47390625e-01
-4.55296875e-09,2.93921875e-01,2.49265625e-01
-4.54296875e-09,2.95187500e-01,2.50812500e-01
-4.53296875e-09,2.96453125e-01,2.52296875e-01
-4.52296875e-09,2.98078125e-01,2.53953125e-01
-4.51296875e-09,2.99625000e-01,2.55625000e-01
-4.50296875e-09,3.00593750e-01,2.56843750e-01
-4.49296875e-09,3.01234375e-01,2.57921875e-01
-4.48296875e-09,3.01875000e-01,2.58953125e-01
-4.47296875e-09,3.02250000e-01,2.59843750e-01
-4.46296875e-09,3.01921875e-01,2.60093750e-01
-4.45296875e-09,3.01265625e-01,2.60046875e-01
-4.44296875e-09,3.00656250e-01,2.59812500e-01
-4.43296875e-09,2.99953125e-01,2.59343750e-01
-4.42296875e-09,2.98812500e-01,2.58343750e-01
-4.41296875e-09,2.97640625e-01,2.57187500e-01
-4.40296875e-09,2.96828125e-01,2.56156250e-01
-4.39296875e-09,2.96234375e-01,2.55281250e-01
-4.38296875e-09,2.95531250e-01,2.54343750e-01
-4.37296875e-09,2.95093750e-01,2.53765625e-01
-4.36296875e-09,2.95218750e-01,2.53734375e-01
-4.35296875e-09,2.95750000e-01,2.54156250e-01
-4.34296875e-09,2.96281250e-01,2.54671875e-01
-4.33296875e-09,2.97125000e-01,2.55421875e-01
-4.32296875e-09,2.98500000e-01,2.56265625e-01
-4.31296875e-09,3.00093750e-01,2.56828125e-01
-4.30296875e-09,3.01437500e-01,2.56468750e-01
-4.29296875e-09,3.02703125e-01,2.55078125e-01
-4.28296875e-09,3.03937500e-01,2.52359375e-01
-4.27296875e-09,3.04671875e-01,2.47828125e-01
-4.26296875e-09,3.04359375e-01,2.41000000e-01
-4.25296875e-09,3.03000000e-01,2.31875000e-01
-4.24296875e-09,3.00578125e-01,2.20468750e-01
-4.23296875e-09,2.96593750e-01,2.06656250e-01
-4.22296875e-09,2.90593750e-01,1.90468750e-01
-4.21296875e-09,2.82625000e-01,1.72281250e-01
-4.20296875e-09,2.72843750e-01,1.52625000e-01
-4.19296875e-09,2.61000000e-01,1.31734375e-01
-4.18296875e-09,2.46937500e-01,1.10015625e-01
-4.17296875e-09,2.31015625e-01,8.79843750e-02
-4.16296875e-09,2.13687500e-01,6.62812500e-02
-4.15296875e-09,1.95000000e-01,4.50468750e-02
-4.14296875e-09,1.75109375e-01,2.45625000e-02
-4.13296875e-09,1.54515625e-01,5.06250000e-03
-4.12296875e-09,1.33843750e-01,-1.31406250e-02
-4.11296875e-09,1.13078125e-01,-3.02656250e-02
-4.10296875e-09,9.24375000e-02,-4.63281250e-02
-4.09296875e-09,7.21875000e-02,-6.14843750e-02
-4.08296875e-09,5.27968750e-02,-7.56093750e-02
-4.07296875e-09,3.40000000e-02,-8.91562500e-02
-4.06296875e-09,1.58281250e-02,-1.02093750e-01
-4.05296875e-09,-1.76562500e-03,-1.14640625e-01
-4.04296875e-09,-1.83906250e-02,-1.26609375e-01
-4.03296875e-09,-3.45937500e-02,-1.38281250e-01
-4.02296875e-09,-5.02812500e-02,-1.49375000e-01
-4.01296875e-09,-6.56250000e-02,-1.60015625e-01
-4.00296875e-09,-8.01250000e-02,-1.69812500e-01
-3.99296875e-09,-9.43281250e-02,-1.78921875e-01
-3.98296875e-09,-1.07906250e-01,-1.86937500e-01
-3.97296875e-09,-1.21000000e-01,-1.94015625e-01
-3.96296875e-09,-1.33000000e-01,-1.99765625e-01
-3.95296875e-09,-1.44359375e-01,-2.04484375e-01
-3.94296875e-09,-1.54656250e-01,-2.07859375e-01
-3.93296875e-09,-1.64140625e-01,-2.10281250e-01
-3.92296875e-09,-1.72203125e-01,-2.11500000e-01
-3.91296875e-09,-1.79437500e-01,-2.12031250e-01
-3.90296875e-09,-1.85500000e-01,-2.11671875e-01
-3.89296875e-09,-1.90812500e-01,-2.11000000e-01
-3.88296875e-09,-1.94937500e-01,-2.09781250e-01
-3.87296875e-09,-1.98562500e-01,-2.08593750e-01
-3.86296875e-09,-2.01421875e-01,-2.07187500e-01
-3.85296875e-09,-2.04031250e-01,-2.06125000e-01
-3.84296875e-09,-2.05921875e-01,-2.05031250e-01
-3.83296875e-09,-2.07734375e-01,-2.04375000e-01
-3.82296875e-09,-2.09125000e-01,-2.03781250e-01
-3.81296875e-09,-2.10562500e-01,-2.03671875e-01
-3.80296875e-09,-2.11437500e-01,-2.03578125e-01
-3.79296875e-09,-2.12296875e-01,-2.03843750e-01
-3.78296875e-09,-2.12671875e-01,-2.03984375e-01
-3.77296875e-09,-2.13031250e-01,-2.04406250e-01
-3.76296875e-09,-2.12734375e-01,-2.04671875e-01
-3.75296875e-09,-2.12343750e-01,-2.05062500e-01
-3.74296875e-09,-2.11390625e-01,-2.05125000e-01
-3.73296875e-09,-2.10453125e-01,-2.05343750e-01
-3.72296875e-09,-2.09031250e-01,-2.05375000e-01
-3.71296875e-09,-2.07687500e-01,-2.05484375e-01
-3.70296875e-09,-2.06046875e-01,-2.05281250e-01
-3.69296875e-09,-2.04781250e-01,-2.05312500e-01
-3.68296875e-09,-2.03453125e-01,-2.05265625e-01
-3.67296875e-09,-2.02562500e-01,-2.05375000e-01
-3.66296875e-09,-2.01671875e-01,-2.05250000e-01
-3.65296875e-09,-2.01406250e-01,-2.05390625e-01
-3.64296875e-09,-2.01265625e-01,-2.05453125e-01
-3.63296875e-09,-2.01531250e-01,-2.05546875e-01
-3.62296875e-09,-2.01750000e-01,-2.05312500e-01
-3.61296875e-09,-2.02328125e-01,-2.05062500e-01
-3.60296875e-09,-2.02765625e-01,-2.04578125e-01
-3.59296875e-09,-2.03234375e-01,-2.03812500e-01
-3.58296875e-09,-2.03250000e-01,-2.02484375e-01
-3.57296875e-09,-2.03203125e-01,-2.00796875e-01
-3.56296875e-09,-2.02750000e-01,-1.98906250e-01
-3.55296875e-09,-2.01953125e-01,-1.96578125e-01
-3.54296875e-09,-2.00562500e-01,-1.93734375e-01
-3.53296875e-09,-1.98859375e-01,-1.90609375e-01
-3.52296875e-09,-1.96890625e-01,-1.87765625e-01
-3.51296875e-09,-1.94593750e-01,-1.84828125e-01
-3.50296875e-09,-1.91828125e-01,-1.81859375e-01
-3.49296875e-09,-1.88843750e-01,-1.79062500e-01
-3.48296875e-09,-1.86046875e-01,-1.77296875e-01
-3.47296875e-09,-1.83078125e-01,-1.75843750e-01
-3.46296875e-09,-1.79937500e-01,-1.74812500e-01
-3.45296875e-09,-1.76765625e-01,-1.74156250e-01
-3.44296875e-09,-1.74218750e-01,-1.74859375e-01
-3.43296875e-09,-1.71687500e-01,-1.75796875e-01
-3.42296875e-09,-1.69218750e-01,-1.76937500e-01
-3.41296875e-09,-1.66843750e-01,-1.78031250e-01
-3.40296875e-09,-1.65468750e-01,-1.80125000e-01
-3.39296875e-09,-1.64203125e-01,-1.81812500e-01
-3.38296875e-09,-1.63156250e-01,-1.83062500e-01
-3.37296875e-09,-1.62187500e-01,-1.83562500e-01
-3.36296875e-09,-1.62437500e-01,-1.84593750e-01
-3.35296875e-09,-1.62718750e-01,-1.84625000e-01
-3.34296875e-09,-1.63109375e-01,-1.83859375e-01
-3.33296875e-09,-1.63390625e-01,-1.82046875e-01
-3.32296875e-09,-1.64765625e-01,-1.80750000e-01
-3.31296875e-09,-1.65828125e-01,-1.78515625e-01
-3.30296875e-09,-1.66640625e-01,-1.75671875e-01
-3.29296875e-09,-1.66906250e-01,-1.72093750e-01
-3.28296875e-09,-1.67968750e-01,-1.69515625e-01
-3.27296875e-09,-1.68281250e-01,-1.66500000e-01
-3.26296875e-09,-1.68015625e-01,-1.63375000e-01
-3.25296875e-09,-1.66890625e-01,-1.60078125e-01
-3.24296875e-09,-1.66500000e-01,-1.58359375e-01
-3.23296875e-09,-1.65328125e-01,-1.56671875e-01
-3.22296875e-09,-1.63687500e-01,-1.55359375e-01
-3.21296875e-09,-1.61437500e-01,-1.54234375e-01
-3.20296875e-09,-1.60359375e-01,-1.55031250e-01
-3.19296875e-09,-1.58968750e-01,-1.56078125e-01
-3.18296875e-09,-1.57687500e-01,-1.57656250e-01
-3.17296875e-09,-1.56421875e-01,-1.59421875e-01
-3.16296875e-09,-1.56968750e-01,-1.63015625e-01
-3.15296875e-09,-1.57781250e-01,-1.66609375e-01
-3.14296875e-09,-1.59156250e-01,-1.70343750e-01
-3.13296875e-09,-1.60890625e-01,-1.73796875e-01
-3.12296875e-09,-1.64656250e-01,-1.78484375e-01
-3.11296875e-09,-1.68656250e-01,-1.82484375e-01
-3.10296875e-09,-1.73031250e-01,-1.85906250e-01
-3.09296875e-09,-1.77375000e-01,-1.88328125e-01
-3.08296875e-09,-1.83171875e-01,-1.91312500e-01
-3.07296875e-09,-1.88500000e-01,-1.93031250e-01
-3.06296875e-09,-1.93406250e-01,-1.93734375e-01
-3.05296875e-09,-1.97437500e-01,-1.93140625e-01
-3.04296875e-09,-2.02125000e-01,-1.93046875e-01
-3.03296875e-09,-2.05625000e-01,-1.91812500e-01
-3.02296875e-09,-2.08109375e-01,-1.89875000e-01
-3.01296875e-09,-2.09265625e-01,-1.87093750e-01
-3.00296875e-09,-2.10906250e-01,-1.85468750e-01
-2.99296875e-09,-2.11343750e-01,-1.83390625e-01
-2.98296875e-09,-2.10968750e-01,-1.81296875e-01
-2.97296875e-09,-2.09656250e-01,-1.79046875e-01
-2.96296875e-09,-2.09375000e-01,-1.78562500e-01
-2.95296875e-09,-2.08500000e-01,-1.78093750e-01
-2.94296875e-09,-2.07453125e-01,-1.77921875e-01
-2.93296875e-09,-2.06078125e-01,-1.77765625e-01
-2.92296875e-09,-2.06281250e-01,-1.79375000e-01
-2.91296875e-09,-2.06281250e-01,-1.80843750e-01
-2.90296875e-09,-2.06312500e-01,-1.82375000e-01
-2.89296875e-09,-2.06062500e-01,-1.83593750e-01
-2.88296875e-09,-2.07312500e-01,-1.86203125e-01
-2.87296875e-09,-2.08125000e-01,-1.88328125e-01
-2.86296875e-09,-2.08640625e-01,-1.90171875e-01
-2.85296875e-09,-2.08546875e-01,-1.91437500e-01
-2.84296875e-09,-2.09625000e-01,-1.93937500e-01
-2.83296875e-09,-2.10015625e-01,-1.95812500e-01
-2.82296875e-09,-2.09984375e-01,-1.97406250e-01
-2.81296875e-09,-2.09343750e-01,-1.98468750e-01
-2.80296875e-09,-2.10000000e-01,-2.00859375e-01
-2.79296875e-09,-2.10203125e-01,-2.02781250e-01
-2.78296875e-09,-2.10296875e-01,-2.04578125e-01
-2.77296875e-09,-2.10125000e-01,-2.06031250e-01
-2.76296875e-09,-2.11578125e-01,-2.09000000e-01
-2.75296875e-09,-2.12828125e-01,-2.11718750e-01
-2.74296875e-09,-2.14140625e-01,-2.14453125e-01
-2.73296875e-09,-2.15218750e-01,-2.16984375e-01
-2.72296875e-09,-2.17843750e-01,-2.21203125e-01
-2.71296875e-09,-2.20062500e-01,-2.25250000e-01
-2.70296875e-09,-2.22015625e-01,-2.29328125e-01
-2.69296875e-09,-2.23421875e-01,-2.33171875e-01
-2.68296875e-09,-2.26062500e-01,-2.38593750e-01
-2.67296875e-09,-2.28031250e-01,-2.43640625e-01
-2.66296875e-09,-2.29562500e-01,-2.48406250e-01
-2.65296875e-09,-2.30484375e-01,-2.52562500e-01
-2.64296875e-09,-2.32750000e-01,-2.57859375e-01
-2.63296875e-09,-2.34546875e-01,-2.62234375e-01
-2.62296875e-09,-2.36203125e-01,-2.65812500e-01
-2.61296875e-09,-2.37578125e-01,-2.68250000e-01
-2.60296875e-09,-2.40671875e-01,-2.71343750e-01
-2.59296875e-09,-2.43578125e-01,-2.73171875e-01
-2.58296875e-09,-2.46515625e-01,-2.73968750e-01
-2.57296875e-09,-2.49234375e-01,-2.73546875e-01
-2.56296875e-09,-2.53593750e-01,-2.73937500e-01
-2.55296875e-09,-2.57515625e-01,-2.73359375e-01
-2.54296875e-09,-2.61125000e-01,-2.72218750e-01
-2.53296875e-09,-2.64062500e-01,-2.70500000e-01
-2.52296875e-09,-2.68171875e-01,-2.70296875e-01
-2.51296875e-09,-2.71406250e-01,-2.69875000e-01
-2.50296875e-09,-2.73953125e-01,-2.69593750e-01
-2.49296875e-09,-2.75546875e-01,-2.69343750e-01
-2.48296875e-09,-2.78234375e-01,-2.71125000e-01
-2.47296875e-09,-2.80062500e-01,-2.72984375e-01
-2.46296875e-09,-2.81375000e-01,-2.75109375e-01
-2.45296875e-09,-2.82015625e-01,-2.77203125e-01
-2.44296875e-09,-2.84156250e-01,-2.81109375e-01
-2.43296875e-09,-2.85843750e-01,-2.84750000e-01
-2.42296875e-09,-2.87406250e-01,-2.88171875e-01
-2.41296875e-09,-2.88625000e-01,-2.91078125e-01
-2.40296875e-09,-2.91687500e-01,-2.95328125e-01
-2.39296875e-09,-2.94453125e-01,-2.98890625e-01
-2.38296875e-09,-2.97140625e-01,-3.01859375e-01
-2.37296875e-09,-2.99484375e-01,-3.04093750e-01
-2.36296875e-09,-3.03578125e-01,-3.07546875e-01
-2.35296875e-09,-3.07218750e-01,-3.10265625e-01
-2.34296875e-09,-3.10578125e-01,-3.12437500e-01
-2.33296875e-09,-3.13390625e-01,-3.13968750e-01
-2.32296875e-09,-3.17750000e-01,-3.16812500e-01
-2.31296875e-09,-3.21453125e-01,-3.19015625e-01
-2.30296875e-09,-3.24671875e-01,-3.20703125e-01
-2.29296875e-09,-3.27187500e-01,-3.21718750e-01
-2.28296875e-09,-3.31078125e-01,-3.24000000e-01
-2.27296875e-09,-3.34171875e-01,-3.25515625e-01
-2.26296875e-09,-3.36593750e-01,-3.26375000e-01
-2.25296875e-09,-3.38156250e-01,-3.26390625e-01
-2.24296875e-09,-3.40953125e-01,-3.27625000e-01
-2.23296875e-09,-3.42796875e-01,-3.28015625e-01
-2.22296875e-09,-3.43875000e-01,-3.27812500e-01
-2.21296875e-09,-3.44046875e-01,-3.26906250e-01
-2.20296875e-09,-3.45500000e-01,-3.27515625e-01
-2.19296875e-09,-3.46140625e-01,-3.27625000e-01
-2.18296875e-09,-3.46187500e-01,-3.27562500e-01
-2.17296875e-09,-3.45609375e-01,-3.27234375e-01
-2.16296875e-09,-3.46687500e-01,-3.28875000e-01
-2.15296875e-09,-3.47312500e-01,-3.30421875e-01
-2.14296875e-09,-3.47734375e-01,-3.32062500e-01
-2.13296875e-09,-3.47875000e-01,-3.33671875e-01
-2.12296875e-09,-3.49968750e-01,-3.37312500e-01
-2.11296875e-09,-3.51812500e-01,-3.40750000e-01
-2.10296875e-09,-3.53546875e-01,-3.44109375e-01
-2.09296875e-09,-3.55000000e-01,-3.47109375e-01
-2.08296875e-09,-3.58281250e-01,-3.51734375e-01
-2.07296875e-09,-3.61125000e-01,-3.55750000e-01
-2.06296875e-09,-3.63609375e-01,-3.59187500e-01
-2.05296875e-09,-3.65531250e-01,-3.61781250e-01
-2.04296875e-09,-3.69046875e-01,-3.65656250e-01
-2.03296875e-09,-3.71875000e-01,-3.68515625e-01
-2.02296875e-09,-3.74171875e-01,-3.70531250e-01
-2.01296875e-09,-3.75796875e-01,-3.71453125e-01
-2.00296875e-09,-3.78953125e-01,-3.73546875e-01
-1.99296875e-09,-3.81406250e-01,-3.74531250e-01
-1.98296875e-09,-3.83328125e-01,-3.74625000e-01
-1.97296875e-09,-3.84546875e-01,-3.73640625e-01
-1.96296875e-09,-3.87250000e-01,-3.73921875e-01
-1.95296875e-09,-3.89156250e-01,-3.73203125e-01
-1.94296875e-09,-3.90390625e-01,-3.71718750e-01
-1.93296875e-09,-3.90734375e-01,-3.69375000e-01
-1.92296875e-09,-3.92390625e-01,-3.68531250e-01
-1.91296875e-09,-3.93093750e-01,-3.66984375e-01
-1.90296875e-09,-3.92968750e-01,-3.65015625e-01
-1.89296875e-09,-3.91921875e-01,-3.62546875e-01
-1.88296875e-09,-3.92250000e-01,-3.61968750e-01
-1.87296875e-09,-3.91765625e-01,-3.61078125e-01
-1.86296875e-09,-3.90718750e-01,-3.60109375e-01
-1.85296875e-09,-3.89078125e-01,-3.58968750e-01
-1.84296875e-09,-3.89234375e-01,-3.59890625e-01
-1.83296875e-09,-3.88984375e-01,-3.60625000e-01
-1.82296875e-09,-3.88546875e-01,-3.61296875e-01
-1.81296875e-09,-3.87812500e-01,-3.61687500e-01
-1.80296875e-09,-3.89000000e-01,-3.63906250e-01
-1.79296875e-09,-3.89828125e-01,-3.65640625e-01
-1.78296875e-09,-3.90343750e-01,-3.66984375e-01
-1.77296875e-09,-3.90296875e-01,-3.67687500e-01
-1.76296875e-09,-3.91828125e-01,-3.69906250e-01
-1.75296875e-09,-3.92625000e-01,-3.71406250e-01
-1.74296875e-09,-3.92750000e-01,-3.72328125e-01
-1.73296875e-09,-3.92062500e-01,-3.72562500e-01
-1.72296875e-09,-3.92812500e-01,-3.74359375e-01
-1.71296875e-09,-3.92875000e-01,-3.75625000e-01
-1.70296875e-09,-3.92453125e-01,-3.76531250e-01
-1.69296875e-09,-3.91546875e-01,-3.77015625e-01
-1.68296875e-09,-3.92546875e-01,-3.79359375e-01
-1.67296875e-09,-3.93343750e-01,-3.81359375e-01
-1.66296875e-09,-3.94109375e-01,-3.83125000e-01
-1.65296875e-09,-3.94796875e-01,-3.84500000e-01
-1.64296875e-09,-3.97609375e-01,-3.87578125e-01
-1.63296875e-09,-4.00250000e-01,-3.90046875e-01
-1.62296875e-09,-4.02671875e-01,-3.91875000e-01
-1.61296875e-09,-4.04625000e-01,-3.92828125e-01
-1.60296875e-09,-4.08125000e-01,-3.94968750e-01
-1.59296875e-09,-4.10796875e-01,-3.95984375e-01
-1.58296875e-09,-4.12515625e-01,-3.95921875e-01
-1.57296875e-09,-4.13078125e-01,-3.94671875e-01
-1.56296875e-09,-4.14625000e-01,-3.94437500e-01
-1.55296875e-09,-4.14937500e-01,-3.93125000e-01
-1.54296875e-09,-4.14140625e-01,-3.90953125e-01
-1.53296875e-09,-4.12234375e-01,-3.87953125e-01
-1.52296875e-09,-4.11562500e-01,-3.86468750e-01
-1.51296875e-09,-4.10093750e-01,-3.84468750e-01
-1.50296875e-09,-4.08046875e-01,-3.82250000e-01
-1.49296875e-09,-4.05468750e-01,-3.79765625e-01
-1.48296875e-09,-4.04609375e-01,-3.79265625e-01
-1.47296875e-09,-4.03390625e-01,-3.78625000e-01
-1.46296875e-09,-4.01875000e-01,-3.77953125e-01
-1.45296875e-09,-3.99921875e-01,-3.77046875e-01
-1.44296875e-09,-3.99640625e-01,-3.78000000e-01
-1.43296875e-09,-3.98750000e-01,-3.78546875e-01
-1.42296875e-09,-3.97265625e-01,-3.78703125e-01
-1.41296875e-09,-3.94984375e-01,-3.78250000e-01
-1.40296875e-09,-3.94031250e-01,-3.79250000e-01
-1.39296875e-09,-3.92203125e-01,-3.79515625e-01
-1.38296875e-09,-3.89609375e-01,-3.79109375e-01
-1.37296875e-09,-3.86187500e-01,-3.77937500e-01
-1.36296875e-09,-3.84234375e-01,-3.78140625e-01
-1.35296875e-09,-3.81625000e-01,-3.77625000e-01
-1.34296875e-09,-3.78609375e-01,-3.76531250e-01
-1.33296875e-09,-3.75125000e-01,-3.74750000e-01
-1.32296875e-09,-3.73453125e-01,-3.74437500e-01
-1.31296875e-09,-3.71421875e-01,-3.73453125e-01
-1.30296875e-09,-3.69187500e-01,-3.71875000e-01
-1.29296875e-09,-3.66546875e-01,-3.69546875e-01
-1.28296875e-09,-3.65656250e-01,-3.68546875e-01
-1.27296875e-09,-3.64234375e-01,-3.66671875e-01
-1.26296875e-09,-3.62343750e-01,-3.64000000e-01
-1.25296875e-09,-3.59734375e-01,-3.60375000e-01
-1.24296875e-09,-3.58578125e-01,-3.57906250e-01
-1.23296875e-09,-3.56609375e-01,-3.54515625e-01
-1.22296875e-09,-3.53968750e-01,-3.50375000e-01
-1.21296875e-09,-3.50515625e-01,-3.45421875e-01
-1.20296875e-09,-3.48468750e-01,-3.41875000e-01
-1.19296875e-09,-3.45671875e-01,-3.37750000e-01
-1.18296875e-09,-3.42343750e-01,-3.33265625e-01
-1.17296875e-09,-3.38343750e-01,-3.28406250e-01
-1.16296875e-09,-3.35921875e-01,-3.25328125e-01
-1.15296875e-09,-3.32859375e-01,-3.21968750e-01
-1.14296875e-09,-3.29375000e-01,-3.18546875e-01
-1.13296875e-09,-3.25234375e-01,-3.14843750e-01
-1.12296875e-09,-3.22671875e-01,-3.12968750e-01
-1.11296875e-09,-3.19453125e-01,-3.10750000e-01
-1.10296875e-09,-3.15781250e-01,-3.08343750e-01
-1.09296875e-09,-3.11453125e-01,-3.05484375e-01
-1.08296875e-09,-3.08750000e-01,-3.04296875e-01
-1.07296875e-09,-3.05484375e-01,-3.02625000e-01
-1.06296875e-09,-3.01984375e-01,-3.00703125e-01
-1.05296875e-09,-2.98078125e-01,-2.98328125e-01
-1.04296875e-09,-2.96078125e-01,-2.97703125e-01
-1.03296875e-09,-2.93812500e-01,-2.96703125e-01
-1.02296875e-09,-2.91593750e-01,-2.95593750e-01
-1.01296875e-09,-2.89125000e-01,-2.94140625e-01
-1.00296875e-09,-2.88609375e-01,-2.94515625e-01
-9.92968750e-10,-2.87750000e-01,-2.94468750e-01
-9.82968750e-10,-2.86687500e-01,-2.94187500e-01
-9.72968750e-10,-2.85000000e-01,-2.93265625e-01
-9.62968750e-10,-2.84812500e-01,-2.93796875e-01
-9.52968750e-10,-2.83718750e-01,-2.93437500e-01
-9.42968750e-10,-2.81906250e-01,-2.92312500e-01
-9.32968750e-10,-2.79015625e-01,-2.90015625e-01
-9.22968750e-10,-2.77296875e-01,-2.88703125e-01
-9.12968750e-10,-2.74531250e-01,-2.86093750e-01
-9.02968750e-10,-2.71078125e-01,-2.82500000e-01
-8.92968750e-10,-2.66781250e-01,-2.77656250e-01
-8.82968750e-10,-2.64093750e-01,-2.73921875e-01
-8.72968750e-10,-2.60875000e-01,-2.69218750e-01
-8.62968750e-10,-2.57625000e-01,-2.64000000e-01
-8.52968750e-10,-2.54125000e-01,-2.58171875e-01
-8.42968750e-10,-2.52718750e-01,-2.54125000e-01
-8.32968750e-10,-2.51203125e-01,-2.49828125e-01
-8.22968750e-10,-2.49828125e-01,-2.45750000e-01
-8.12968750e-10,-2.48187500e-01,-2.41656250e-01
-8.02968750e-10,-2.48421875e-01,-2.39812500e-01
-7.92968750e-10,-2.48140625e-01,-2.38046875e-01
-7.82968750e-10,-2.47484375e-01,-2.36687500e-01
-7.72968750e-10,-2.45984375e-01,-2.35343750e-01
-7.62968750e-10,-2.45781250e-01,-2.35968750e-01
-7.52968750e-10,-2.44609375e-01,-2.36437500e-01
-7.42968750e-10,-2.42765625e-01,-2.36953125e-01
-7.32968750e-10,-2.40000000e-01,-2.37125000e-01
-7.22968750e-10,-2.38546875e-01,-2.38578125e-01
-7.12968750e-10,-2.36437500e-01,-2.39531250e-01
-7.02968750e-10,-2.34171875e-01,-2.40171875e-01
-6.92968750e-10,-2.31578125e-01,-2.40265625e-01
-6.82968750e-10,-2.30781250e-01,-2.41109375e-01
-6.72968750e-10,-2.29953125e-01,-2.41468750e-01
-6.62968750e-10,-2.29453125e-01,-2.41421875e-01
-6.52968750e-10,-2.29031250e-01,-2.40953125e-01
-6.42968750e-10,-2.30296875e-01,-2.41015625e-01
-6.32968750e-10,-2.31531250e-01,-2.40812500e-01
-6.22968750e-10,-2.32812500e-01,-2.40234375e-01
-6.12968750e-10,-2.33828125e-01,-2.39375000e-01
-6.02968750e-10,-2.35718750e-01,-2.38859375e-01
-5.92968750e-10,-2.37156250e-01,-2.38187500e-01
-5.82968750e-10,-2.38062500e-01,-2.37046875e-01
-5.72968750e-10,-2.38359375e-01,-2.35640625e-01
-5.62968750e-10,-2.38953125e-01,-2.34328125e-01
-5.52968750e-10,-2.39046875e-01,-2.32890625e-01
-5.42968750e-10,-2.38562500e-01,-2.30937500e-01
-5.32968750e-10,-2.37671875e-01,-2.28828125e-01
-5.22968750e-10,-2.37140625e-01,-2.26812500e-01
-5.12968750e-10,-2.36515625e-01,-2.24937500e-01
-5.02968750e-10,-2.35578125e-01,-2.22843750e-01
-4.92968750e-10,-2.34609375e-01,-2.20953125e-01
-4.82968750e-10,-2.34078125e-01,-2.19484375e-01
-4.72968750e-10,-2.33640625e-01,-2.18593750e-01
-4.62968750e-10,-2.32921875e-01,-2.17875000e-01
-4.52968750e-10,-2.32140625e-01,-2.17703125e-01
-4.42968750e-10,-2.31609375e-01,-2.18125000e-01
-4.32968750e-10,-2.31093750e-01,-2.19218750e-01
-4.22968750e-10,-2.30171875e-01,-2.20437500e-01
-4.12968750e-10,-2.29156250e-01,-2.21984375e-01
-4.02968750e-10,-2.28359375e-01,-2.23750000e-01
-3.92968750e-10,-2.27687500e-01,-2.25703125e-01
-3.82968750e-10,-2.26812500e-01,-2.27265625e-01
-3.72968750e-10,-2.26093750e-01,-2.28671875e-01
-3.62968750e-10,-2.25828125e-01,-2.29765625e-01
-3.52968750e-10,-2.25968750e-01,-2.30687500e-01
-3.42968750e-10,-2.26140625e-01,-2.31015625e-01
-3.32968750e-10,-2.26609375e-01,-2.31156250e-01
-3.22968750e-10,-2.27546875e-01,-2.31156250e-01
-3.12968750e-10,-2.28781250e-01,-2.31265625e-01
-3.02968750e-10,-2.29875000e-01,-2.31281250e-01
-2.92968750e-10,-2.31031250e-01,-2.31625000e-01
-2.82968750e-10,-2.32265625e-01,-2.32343750e-01
-2.72968750e-10,-2.33453125e-01,-2.33546875e-01
-2.62968750e-10,-2.34218750e-01,-2.34843750e-01
-2.52968750e-10,-2.34843750e-01,-2.36406250e-01
-2.42968750e-10,-2.35390625e-01,-2.37906250e-01
-2.32968750e-10,-2.35890625e-01,-2.39078125e-01
-2.22968750e-10,-2.36062500e-01,-2.39234375e-01
-2.12968750e-10,-2.36265625e-01,-2.38187500e-01
-2.02968750e-10,-2.36562500e-01,-2.35328125e-01
-1.92968750e-10,-2.36937500e-01,-2.30281250e-01
-1.82968750e-10,-2.37046875e-01,-2.22421875e-01
-1.72968750e-10,-2.37062500e-01,-2.11640625e-01
-1.62968750e-10,-2.36828125e-01,-1.97671875e-01
-1.52968750e-10,-2.36062500e-01,-1.80484375e-01
-1.42968750e-10,-2.34234375e-01,-1.60093750e-01
-1.32968750e-10,-2.31234375e-01,-1.36859375e-01
-1.22968750e-10,-2.26781250e-01,-1.11156250e-01
-1.12968750e-10,-2.20468750e-01,-8.35000000e-02
-1.02968750e-10,-2.11828125e-01,-5.44687500e-02
-9.29687500e-11,-2.00828125e-01,-2.47343750e-02
-8.29687500e-11,-1.87375000e-01,5.06250000e-03
-7.29687500e-11,-1.71375000e-01,3.43593750e-02
-6.29687500e-11,-1.52796875e-01,6.25625000e-02
-5.29687500e-11,-1.31984375e-01,8.92812500e-02
-4.29687500e-11,-1.09281250e-01,1.14187500e-01
-3.29687500e-11,-8.50312500e-02,1.37125000e-01
-2.29687500e-11,-5.96406250e-02,1.57890625e-01
-1.29687500e-11,-3.36875000e-02,1.76609375e-01
-2.96875000e-12,-7.76562500e-03,1.93328125e-01
7.03125000e-12,1.77187500e-02,2.08281250e-01
1.70312500e-11,4.22812500e-02,2.21437500e-01
2.70312500e-11,6.55781250e-02,2.33187500e-01
3.70312500e-11,8.71093750e-02,2.43562500e-01
4.70312500e-11,1.06859375e-01,2.52875000e-01
5.70312500e-11,1.24578125e-01,2.60937500e-01
6.70312500e-11,1.40343750e-01,2.68109375e-01
7.70312500e-11,1.53984375e-01,2.74312500e-01
8.70312500e-11,1.65890625e-01,2.79781250e-01
9.70312500e-11,1.76000000e-01,2.84218750e-01
1.07031250e-10,1.84718750e-01,2.87984375e-01
1.17031250e-10,1.92000000e-01,2.91062500e-01
1.27031250e-10,1.98375000e-01,2.93671875e-01
1.37031250e-10,2.03718750e-01,2.95531250e-01
1.47031250e-10,2.08500000e-01,2.97125000e-01
1.57031250e-10,2.12562500e-01,2.98468750e-01
1.67031250e-10,2.16312500e-01,2.99750000e-01
1.77031250e-10,2.19500000e-01,3.00656250e-01
1.87031250e-10,2.22453125e-01,3.01625000e-01
1.97031250e-10,2.24953125e-01,3.02531250e-01
2.07031250e-10,2.27250000e-01,3.03406250e-01
2.17031250e-10,2.29000000e-01,3.03796875e-01
2.27031250e-10,2.30562500e-01,3.04062500e-01
2.37031250e-10,2.31671875e-01,3.03890625e-01
2.47031250e-10,2.32593750e-01,3.03296875e-01
2.57031250e-10,2.33015625e-01,3.01781250e-01
2.67031250e-10,2.33343750e-01,2.99765625e-01
2.77031250e-10,2.33343750e-01,2.97078125e-01
2.87031250e-10,2.33296875e-01,2.93812500e-01
2.97031250e-10,2.32859375e-01,2.89625000e-01
3.07031250e-10,2.32500000e-01,2.85156250e-01
3.17031250e-10,2.31906250e-01,2.80375000e-01
3.27031250e-10,2.31296875e-01,2.75484375e-01
3.37031250e-10,2.30265625e-01,2.70187500e-01
3.47031250e-10,2.29250000e-01,2.65203125e-01
3.57031250e-10,2.27906250e-01,2.60468750e-01
3.67031250e-10,2.26406250e-01,2.56140625e-01
3.77031250e-10,2.24328125e-01,2.51812500e-01
3.87031250e-10,2.22171875e-01,2.48093750e-01
3.97031250e-10,2.19671875e-01,2.44843750e-01
4.07031250e-10,2.17062500e-01,2.42078125e-01
4.17031250e-10,2.14000000e-01,2.39343750e-01
4.27031250e-10,2.11109375e-01,2.37156250e-01
4.37031250e-10,2.08234375e-01,2.35406250e-01
4.47031250e-10,2.05640625e-01,2.34031250e-01
4.57031250e-10,2.03015625e-01,2.32703125e-01
4.67031250e-10,2.00984375e-01,2.31781250e-01
4.77031250e-10,1.99343750e-01,2.31390625e-01
4.87031250e-10,1.98234375e-01,2.31265625e-01
4.97031250e-10,1.97250000e-01,2.31156250e-01
5.07031250e-10,1.96828125e-01,2.31234375e-01
5.17031250e-10,1.96734375e-01,2.31906250e-01
5.27031250e-10,1.96859375e-01,2.32500000e-01
5.37031250e-10,1.96812500e-01,2.32875000e-01
5.47031250e-10,1.96828125e-01,2.32937500e-01
5.57031250e-10,1.96906250e-01,2.33500000e-01
5.67031250e-10,1.96765625e-01,2.33546875e-01
5.77031250e-10,1.96218750e-01,2.33062500e-01
5.87031250e-10,1.95390625e-01,2.31921875e-01
5.97031250e-10,1.94781250e-01,2.31453125e-01
6.07031250e-10,1.93906250e-01,2.30343750e-01
6.17031250e-10,1.92781250e-01,2.28843750e-01
6.27031250e-10,1.91484375e-01,2.26843750e-01
6.37031250e-10,1.90906250e-01,2.26000000e-01
6.47031250e-10,1.90187500e-01,2.24843750e-01
6.57031250e-10,1.89468750e-01,2.23640625e-01
6.67031250e-10,1.88593750e-01,2.22203125e-01
6.77031250e-10,1.88750000e-01,2.22281250e-01
6.87031250e-10,1.88671875e-01,2.22140625e-01
6.97031250e-10,1.88468750e-01,2.21921875e-01
7.07031250e-10,1.87906250e-01,2.21281250e-01
7.17031250e-10,1.88359375e-01,2.21984375e-01
7.27031250e-10,1.88343750e-01,2.22062500e-01
7.37031250e-10,1.88031250e-01,2.21656250e-01
7.47031250e-10,1.87218750e-01,2.20375000e-01
7.57031250e-10,1.87468750e-01,2.20156250e-01
7.67031250e-10,1.87203125e-01,2.18984375e-01
7.77031250e-10,1.86671875e-01,2.17218750e-01
7.87031250e-10,1.85625000e-01,2.14562500e-01
7.97031250e-10,1.85796875e-01,2.13171875e-01
8.07031250e-10,1.85421875e-01,2.11156250e-01
8.17031250e-10,1.84781250e-01,2.08968750e-01
8.27031250e-10,1.83546875e-01,2.06406250e-01
8.37031250e-10,1.83468750e-01,2.05703125e-01
8.47031250e-10,1.82703125e-01,2.04875000e-01
8.57031250e-10,1.81531250e-01,2.04343750e-01
8.67031250e-10,1.79656250e-01,2.03812500e-01
8.77031250e-10,1.78921875e-01,2.05375000e-01
8.87031250e-10,1.77531250e-01,2.06875000e-01
8.97031250e-10,1.75859375e-01,2.08593750e-01
9.07031250e-10,1.73687500e-01,2.10093750e-01
9.17031250e-10,1.73031250e-01,2.13328125e-01
9.27031250e-10,1.72078125e-01,2.16078125e-01
9.37031250e-10,1.71296875e-01,2.18531250e-01
9.47031250e-10,1.70437500e-01,2.20281250e-01
9.57031250e-10,1.71500000e-01,2.23250000e-01
9.67031250e-10,1.72578125e-01,2.25312500e-01
9.77031250e-10,1.74000000e-01,2.26718750e-01
9.87031250e-10,1.75406250e-01,2.27171875e-01
9.97031250e-10,1.78609375e-01,2.28593750e-01
1.00703125e-09,1.81578125e-01,2.29046875e-01
1.01703125e-09,1.84515625e-01,2.28828125e-01
1.02703125e-09,1.86984375e-01,2.27687500e-01
1.03703125e-09,1.90750000e-01,2.27609375e-01
1.04703125e-09,1.93796875e-01,2.26687500e-01
1.05703125e-09,1.96359375e-01,2.25265625e-01
1.06703125e-09,1.98109375e-01,2.23140625e-01
1.07703125e-09,2.00812500e-01,2.22250000e-01
1.08703125e-09,2.02656250e-01,2.20796875e-01
1.09703125e-09,2.03953125e-01,2.19093750e-01
1.10703125e-09,2.04453125e-01,2.16968750e-01
1.11703125e-09,2.05984375e-01,2.16343750e-01
1.12703125e-09,2.06812500e-01,2.15468750e-01
1.13703125e-09,2.07265625e-01,2.14640625e-01
1.14703125e-09,2.07109375e-01,2.13671875e-01
1.15703125e-09,2.08156250e-01,2.14406250e-01
1.16703125e-09,2.08656250e-01,2.15062500e-01
1.17703125e-09,2.08906250e-01,2.15828125e-01
1.18703125e-09,2.08656250e-01,2.16437500e-01
1.19703125e-09,2.09718750e-01,2.18640625e-01
1.20703125e-09,2.10375000e-01,2.20546875e-01
1.21703125e-09,2.10859375e-01,2.22281250e-01
1.22703125e-09,2.11000000e-01,2.23531250e-01
1.23703125e-09,2.12578125e-01,2.26031250e-01
1.24703125e-09,2.13906250e-01,2.27906250e-01
1.25703125e-09,2.15234375e-01,2.29328125e-01
1.26703125e-09,2.16390625e-01,2.30078125e-01
1.27703125e-09,2.19093750e-01,2.32031250e-01
1.28703125e-09,2.21671875e-01,2.33421875e-01
1.29703125e-09,2.24281250e-01,2.34546875e-01
1.30703125e-09,2.26718750e-01,2.35312500e-01
1.31703125e-09,2.30656250e-01,2.37640625e-01
1.32703125e-09,2.34359375e-01,2.39828125e-01
1.33703125e-09,2.37937500e-01,2.42109375e-01
1.34703125e-09,2.41171875e-01,2.44375000e-01
1.35703125e-09,2.45734375e-01,2.48406250e-01
1.36703125e-09,2.49859375e-01,2.52359375e-01
1.37703125e-09,2.53687500e-01,2.56328125e-01
1.38703125e-09,2.57000000e-01,2.60000000e-01
1.39703125e-09,2.61515625e-01,2.65062500e-01
1.40703125e-09,2.65468750e-01,2.69531250e-01
1.41703125e-09,2.69031250e-01,2.73437500e-01
1.42703125e-09,2.72015625e-01,2.76484375e-01
1.43703125e-09,2.76156250e-01,2.80406250e-01
1.44703125e-09,2.79703125e-01,2.83328125e-01
1.45703125e-09,2.82796875e-01,2.85421875e-01
1.46703125e-09,2.85312500e-01,2.86578125e-01
1.47703125e-09,2.88921875e-01,2.88656250e-01
1.48703125e-09,2.91953125e-01,2.89984375e-01
1.49703125e-09,2.94484375e-01,2.90812500e-01
1.50703125e-09,2.96437500e-01,2.91125000e-01
1.51703125e-09,2.99484375e-01,2.92796875e-01
1.52703125e-09,3.01937500e-01,2.94109375e-01
1.53703125e-09,3.03890625e-01,2.95234375e-01
1.54703125e-09,3.05234375e-01,2.96015625e-01
1.55703125e-09,3.07625000e-01,2.98218750e-01
1.56703125e-09,3.09343750e-01,2.99937500e-01
1.57703125e-09,3.10468750e-01,3.01218750e-01
1.58703125e-09,3.10859375e-01,3.01781250e-01
1.59703125e-09,3.12156250e-01,3.03359375e-01
1.60703125e-09,3.12640625e-01,3.03984375e-01
1.61703125e-09,3.12359375e-01,3.03734375e-01
1.62703125e-09,3.11234375e-01,3.02437500e-01
1.63703125e-09,3.10984375e-01,3.01937500e-01
1.64703125e-09,3.09875000e-01,3.00406250e-01
1.65703125e-09,3.08109375e-01,2.98109375e-01
1.66703125e-09,3.05640625e-01,2.95000000e-01
1.67703125e-09,3.04343750e-01,2.93093750e-01
1.68703125e-09,3.02531250e-01,2.90640625e-01
1.69703125e-09,3.00453125e-01,2.87953125e-01
1.70703125e-09,2.98062500e-01,2.85031250e-01
1.71703125e-09,2.97296875e-01,2.83796875e-01
1.72703125e-09,2.96375000e-01,2.82437500e-01
1.73703125e-09,2.95437500e-01,2.81156250e-01
1.74703125e-09,2.94375000e-01,2.79796875e-01
1.75703125e-09,2.94968750e-01,2.80125000e-01
1.76703125e-09,2.95281250e-01,2.80218750e-01
1.77703125e-09,2.95343750e-01,2.80171875e-01
1.78703125e-09,2.94921875e-01,2.79734375e-01
1.79703125e-09,2.95750000e-01,2.80640625e-01
1.80703125e-09,2.95859375e-01,2.81000000e-01
1.81703125e-09,2.95328125e-01,2.80937500e-01
1.82703125e-09,2.94000000e-01,2.80312500e-01
1.83703125e-09,2.93765625e-01,2.80921875e-01
1.84703125e-09,2.92796875e-01,2.81062500e-01
1.85703125e-09,2.91328125e-01,2.80890625e-01
1.86703125e-09,2.89359375e-01,2.80390625e-01
1.87703125e-09,2.88937500e-01,2.81437500e-01
1.88703125e-09,2.88296875e-01,2.82281250e-01
1.89703125e-09,2.87718750e-01,2.83093750e-01
1.90703125e-09,2.87171875e-01,2.83750000e-01
1.91703125e-09,2.88593750e-01,2.86062500e-01
1.92703125e-09,2.90046875e-01,2.88156250e-01
1.93703125e-09,2.91656250e-01,2.90046875e-01
1.94703125e-09,2.93140625e-01,2.91515625e-01
1.95703125e-09,2.96296875e-01,2.94312500e-01
1.96703125e-09,2.98984375e-01,2.96437500e-01
1.97703125e-09,3.01203125e-01,2.97953125e-01
1.98703125e-09,3.02609375e-01,2.98625000e-01
1.99703125e-09,3.05031250e-01,3.00312500e-01
2.00703125e-09,3.06390625e-01,3.01093750e-01
2.01703125e-09,3.06828125e-01,3.01187500e-01
2.02703125e-09,3.06156250e-01,3.00437500e-01
2.03703125e-09,3.06468750e-01,3.00890625e-01
2.04703125e-09,3.05843750e-01,3.00656250e-01
2.05703125e-09,3.04609375e-01,3.00046875e-01
2.06703125e-09,3.02734375e-01,2.98906250e-01
2.07703125e-09,3.02421875e-01,2.99281250e-01
2.08703125e-09,3.01734375e-01,2.99218750e-01
2.09703125e-09,3.00984375e-01,2.98906250e-01
2.10703125e-09,3.00015625e-01,2.98156250e-01
2.11703125e-09,3.00921875e-01,2.98890625e-01
2.12703125e-09,3.01609375e-01,2.99109375e-01
2.13703125e-09,3.02218750e-01,2.98953125e-01
2.14703125e-09,3.02453125e-01,2.98203125e-01
2.15703125e-09,3.04343750e-01,2.98796875e-01
2.16703125e-09,3.05687500e-01,2.98812500e-01
2.17703125e-09,3.06625000e-01,2.98421875e-01
2.18703125e-09,3.06921875e-01,2.97484375e-01
2.19703125e-09,3.08656250e-01,2.98031250e-01
2.20703125e-09,3.09765625e-01,2.98140625e-01
2.21703125e-09,3.10453125e-01,2.98046875e-01
2.22703125e-09,3.10593750e-01,2.97578125e-01
2.23703125e-09,3.12328125e-01,2.98703125e-01
2.24703125e-09,3.13609375e-01,2.99437500e-01
2.25703125e-09,3.14640625e-01,2.99906250e-01
2.26703125e-09,3.15234375e-01,2.99828125e-01
2.27703125e-09,3.17421875e-01,3.01109375e-01
2.28703125e-09,3.19078125e-01,3.01671875e-01
2.29703125e-09,3.20281250e-01,3.01609375e-01
2.30703125e-09,3.20781250e-01,3.00703125e-01
2.31703125e-09,3.22531250e-01,3.00843750e-01
2.32703125e-09,3.23390625e-01,3.00109375e-01
2.33703125e-09,3.23500000e-01,2.98671875e-01
2.34703125e-09,3.22640625e-01,2.96453125e-01
2.35703125e-09,3.22906250e-01,2.95421875e-01
2.36703125e-09,3.22312500e-01,2.93796875e-01
2.37703125e-09,3.21093750e-01,2.91796875e-01
2.38703125e-09,3.19187500e-01,2.89359375e-01
2.39703125e-09,3.18796875e-01,2.88453125e-01
2.40703125e-09,3.17953125e-01,2.87203125e-01
2.41703125e-09,3.16921875e-01,2.85781250e-01
2.42703125e-09,3.15609375e-01,2.84015625e-01
2.43703125e-09,3.16078125e-01,2.83781250e-01
2.44703125e-09,3.16281250e-01,2.83140625e-01
2.45703125e-09,3.16296875e-01,2.82234375e-01
2.46703125e-09,3.15906250e-01,2.80859375e-01
2.47703125e-09,3.17062500e-01,2.80937500e-01
2.48703125e-09,3.17593750e-01,2.80578125e-01
2.49703125e-09,3.17578125e-01,2.79984375e-01
2.50703125e-09,3.16781250e-01,2.79031250e-01
2.51703125e-09,3.17203125e-01,2.79703125e-01
2.52703125e-09,3.16750000e-01,2.80109375e-01
2.53703125e-09,3.15640625e-01,2.80484375e-01
2.54703125e-09,3.13703125e-01,2.80609375e-01
2.55703125e-09,3.13093750e-01,2.82390625e-01
2.56703125e-09,3.11765625e-01,2.83796875e-01
2.57703125e-09,3.10031250e-01,2.84937500e-01
2.58703125e-09,3.07703125e-01,2.85437500e-01
2.59703125e-09,3.06937500e-01,2.87125000e-01
2.60703125e-09,3.05671875e-01,2.87859375e-01
2.61703125e-09,3.04093750e-01,2.87734375e-01
2.62703125e-09,3.02031250e-01,2.86437500e-01
2.63703125e-09,3.01531250e-01,2.85890625e-01
2.64703125e-09,3.00500000e-01,2.84140625e-01
2.65703125e-09,2.99109375e-01,2.81437500e-01
2.66703125e-09,2.97156250e-01,2.77703125e-01
2.67703125e-09,2.96781250e-01,2.75093750e-01
2.68703125e-09,2.95859375e-01,2.71796875e-01
2.69703125e-09,2.94640625e-01,2.68250000e-01
2.70703125e-09,2.92953125e-01,2.64390625e-01
2.71703125e-09,2.92953125e-01,2.62390625e-01
2.72703125e-09,2.92531250e-01,2.60375000e-01
2.73703125e-09,2.91906250e-01,2.58609375e-01
2.74703125e-09,2.90843750e-01,2.56890625e-01
2.75703125e-09,2.91421875e-01,2.57156250e-01
2.76703125e-09,2.91453125e-01,2.57328125e-01
2.77703125e-09,2.91109375e-01,2.57500000e-01
2.78703125e-09,2.90062500e-01,2.57296875e-01
2.79703125e-09,2.90390625e-01,2.58562500e-01
2.80703125e-09,2.89906250e-01,2.59171875e-01
2.81703125e-09,2.88812500e-01,2.59265625e-01
2.82703125e-09,2.86875000e-01,2.58531250e-01
2.83703125e-09,2.86281250e-01,2.58906250e-01
2.84703125e-09,2.84984375e-01,2.58437500e-01
2.85703125e-09,2.83296875e-01,2.57437500e-01
2.86703125e-09,2.81093750e-01,2.55718750e-01
2.87703125e-09,2.80656250e-01,2.55359375e-01
2.88703125e-09,2.79937500e-01,2.54500000e-01
2.89703125e-09,2.79250000e-01,2.53484375e-01
2.90703125e-09,2.78406250e-01,2.52156250e-01
2.91703125e-09,2.79593750e-01,2.52515625e-01
2.92703125e-09,2.80578125e-01,2.52656250e-01
2.93703125e-09,2.81578125e-01,2.52796875e-01
2.94703125e-09,2.82203125e-01,2.52703125e-01
2.95703125e-09,2.84546875e-01,2.54234375e-01
2.96703125e-09,2.86312500e-01,2.55390625e-01
2.97703125e-09,2.87625000e-01,2.56312500e-01
2.98703125e-09,2.88156250e-01,2.56703125e-01
2.99703125e-09,2.90062500e-01,2.58406250e-01
3.00703125e-09,2.91093750e-01,2.59421875e-01
3.01703125e-09,2.91562500e-01,2.59921875e-01
3.02703125e-09,2.91218750e-01,2.59640625e-01
3.03703125e-09,2.92328125e-01,2.60515625e-01
3.04703125e-09,2.92781250e-01,2.60609375e-01
3.05703125e-09,2.92890625e-01,2.60156250e-01
3.06703125e-09,2.92453125e-01,2.58984375e-01
3.07703125e-09,2.93671875e-01,2.59046875e-01
3.08703125e-09,2.94390625e-01,2.58468750e-01
3.09703125e-09,2.94859375e-01,2.57500000e-01
3.10703125e-09,2.94750000e-01,2.55984375e-01
3.11703125e-09,2.96203125e-01,2.55875000e-01
3.12703125e-09,2.96984375e-01,2.55296875e-01
3.13703125e-09,2.97265625e-01,2.54500000e-01
3.14703125e-09,2.96734375e-01,2.53296875e-01
3.15703125e-09,2.97562500e-01,2.53609375e-01
3.16703125e-09,2.97515625e-01,2.53562500e-01
3.17703125e-09,2.96890625e-01,2.53390625e-01
3.18703125e-09,2.95437500e-01,2.52875000e-01
3.19703125e-09,2.95390625e-01,2.53906250e-01
3.20703125e-09,2.94625000e-01,2.54609375e-01
3.21703125e-09,2.93484375e-01,2.55187500e-01
3.22703125e-09,2.91750000e-01,2.55390625e-01
3.23703125e-09,2.91671875e-01,2.57078125e-01
3.24703125e-09,2.91156250e-01,2.58328125e-01
3.25703125e-09,2.90437500e-01,2.59312500e-01
3.26703125e-09,2.89343750e-01,2.59781250e-01
3.27703125e-09,2.90015625e-01,2.61484375e-01
3.28703125e-09,2.90312500e-01,2.62546875e-01
3.29703125e-09,2.90468750e-01,2.63140625e-01
3.30703125e-09,2.90250000e-01,2.63046875e-01
3.31703125e-09,2.91703125e-01,2.63843750e-01
3.32703125e-09,2.92703125e-01,2.63906250e-01
3.33703125e-09,2.93484375e-01,2.63406250e-01
3.34703125e-09,2.93796875e-01,2.62265625e-01
3.35703125e-09,2.95468750e-01,2.61796875e-01
3.36703125e-09,2.96578125e-01,2.60812500e-01
3.37703125e-09,2.97296875e-01,2.59406250e-01
3.38703125e-09,2.97390625e-01,2.57640625e-01
3.39703125e-09,2.98453125e-01,2.56609375e-01
3.40703125e-09,2.98859375e-01,2.55406250e-01
3.41703125e-09,2.98687500e-01,2.54031250e-01
3.42703125e-09,2.97875000e-01,2.52593750e-01
3.43703125e-09,2.97781250e-01,2.51921875e-01
3.44703125e-09,2.97171875e-01,2.51296875e-01
3.45703125e-09,2.96046875e-01,2.50546875e-01
3.46703125e-09,2.94562500e-01,2.49796875e-01
3.47703125e-09,2.93843750e-01,2.49593750e-01
3.48703125e-09,2.93015625e-01,2.49421875e-01
3.49703125e-09,2.91984375e-01,2.48953125e-01
3.50703125e-09,2.90984375e-01,2.48390625e-01
3.51703125e-09,2.90828125e-01,2.48109375e-01
3.52703125e-09,2.90843750e-01,2.47812500e-01
3.53703125e-09,2.90734375e-01,2.47171875e-01
3.54703125e-09,2.90718750e-01,2.46500000e-01
3.55703125e-09,2.91328125e-01,2.46109375e-01
3.56703125e-09,2.92000000e-01,2.45921875e-01
3.57703125e-09,2.92328125e-01,2.45593750e-01
3.58703125e-09,2.92531250e-01,2.45515625e-01
3.59703125e-09,2.93031250e-01,2.45937500e-01
3.60703125e-09,2.93500000e-01,2.46828125e-01
3.61703125e-09,2.93500000e-01,2.47765625e-01
3.62703125e-09,2.93390625e-01,2.49062500e-01
3.63703125e-09,2.93609375e-01,2.50812500e-01
3.64703125e-09,2.93953125e-01,2.52890625e-01
3.65703125e-09,2.94031250e-01,2.54750000e-01
3.66703125e-09,2.94218750e-01,2.56562500e-01
3.67703125e-09,2.94875000e-01,2.58375000e-01
3.68703125e-09,2.95765625e-01,2.59968750e-01
3.69703125e-09,2.96421875e-01,2.60843750e-01
3.70703125e-09,2.97140625e-01,2.61218750e-01
3.71703125e-09,2.98125000e-01,2.61203125e-01
3.72703125e-09,2.99109375e-01,2.60750000e-01
3.73703125e-09,2.99593750e-01,2.59546875e-01
3.74703125e-09,2.99890625e-01,2.58000000e-01
3.75703125e-09,3.00250000e-01,2.56359375e-01
3.76703125e-09,3.00500000e-01,2.54718750e-01
3.77703125e-09,3.00296875e-01,2.52875000e-01
3.78703125e-09,3.00093750e-01,2.51234375e-01
3.79703125e-09,3.00234375e-01,2.49968750e-01
3.80703125e-09,3.00640625e-01,2.49000000e-01
3.81703125e-09,3.01031250e-01,2.47968750e-01
3.82703125e-09,3.01781250e-01,2.46968750e-01
3.83703125e-09,3.03109375e-01,2.45843750e-01
3.84703125e-09,3.04687500e-01,2.44203125e-01
3.85703125e-09,3.06000000e-01,2.41468750e-01
3.86703125e-09,3.07109375e-01,2.37484375e-01
3.87703125e-09,3.07859375e-01,2.32000000e-01
3.88703125e-09,3.07656250e-01,2.24609375e-01
3.89703125e-09,3.05812500e-01,2.14906250e-01
3.90703125e-09,3.02218750e-01,2.02921875e-01
3.91703125e-09,2.96734375e-01,1.88812500e-01
3.92703125e-09,2.88890625e-01,1.72500000e-01
3.93703125e-09,2.78328125e-01,1.54171875e-01
3.94703125e-09,2.65250000e-01,1.34234375e-01
3.95703125e-09,2.50031250e-01,1.13328125e-01
3.96703125e-09,2.32656250e-01,9.16718750e-02
3.97703125e-09,2.13312500e-01,6.97656250e-02
3.98703125e-09,1.92593750e-01,4.80781250e-02
3.99703125e-09,1.71250000e-01,2.72500000e-02
4.00703125e-09,1.49406250e-01,7.32812500e-03
4.01703125e-09,1.27421875e-01,-1.14062500e-02
4.02703125e-09,1.05718750e-01,-2.88593750e-02
4.03703125e-09,8.48906250e-02,-4.47968750e-02
4.04703125e-09,6.47187500e-02,-5.95781250e-02
4.05703125e-09,4.52812500e-02,-7.32187500e-02
4.06703125e-09,2.65312500e-02,-8.60312500e-02
4.07703125e-09,8.78125000e-03,-9.79218750e-02
4.08703125e-09,-8.51562500e-03,-1.09390625e-01
4.09703125e-09,-2.53750000e-02,-1.20421875e-01
4.10703125e-09,-4.20000000e-02,-1.31281250e-01
4.11703125e-09,-5.79687500e-02,-1.41687500e-01
4.12703125e-09,-7.37500000e-02,-1.51968750e-01
4.13703125e-09,-8.90937500e-02,-1.61796875e-01
4.14703125e-09,-1.04031250e-01,-1.71265625e-01
4.15703125e-09,-1.17890625e-01,-1.79937500e-01
4.16703125e-09,-1.31031250e-01,-1.87984375e-01
4.17703125e-09,-1.43000000e-01,-1.94984375e-01
4.18703125e-09,-1.53890625e-01,-2.01109375e-01
4.19703125e-09,-1.63140625e-01,-2.05968750e-01
4.20703125e-09,-1.71250000e-01,-2.09875000e-01
4.21703125e-09,-1.77921875e-01,-2.12546875e-01
4.22703125e-09,-1.83609375e-01,-2.14421875e-01
4.23703125e-09,-1.87968750e-01,-2.15218750e-01
4.24703125e-09,-1.91718750e-01,-2.15468750e-01
4.25703125e-09,-1.94734375e-01,-2.14968750e-01
4.26703125e-09,-1.97562500e-01,-2.14296875e-01
4.27703125e-09,-1.99843750e-01,-2.13156250e-01
4.28703125e-09,-2.02218750e-01,-2.12093750e-01
4.29703125e-09,-2.04375000e-01,-2.10843750e-01
4.30703125e-09,-2.06718750e-01,-2.09906250e-01
4.31703125e-09,-2.08625000e-01,-2.08890625e-01
4.32703125e-09,-2.10578125e-01,-2.08234375e-01
4.33703125e-09,-2.12062500e-01,-2.07515625e-01
4.34703125e-09,-2.13437500e-01,-2.07218750e-01
4.35703125e-09,-2.14062500e-01,-2.06859375e-01
4.36703125e-09,-2.14421875e-01,-2.06781250e-01
4.37703125e-09,-2.14078125e-01,-2.06515625e-01
4.38703125e-09,-2.13578125e-01,-2.06531250e-01
4.39703125e-09,-2.12421875e-01,-2.06390625e-01
4.40703125e-09,-2.11250000e-01,-2.06375000e-01
4.41703125e-09,-2.09687500e-01,-2.06000000e-01
4.42703125e-09,-2.08406250e-01,-2.05765625e-01
4.43703125e-09,-2.06953125e-01,-2.05328125e-01
4.44703125e-09,-2.05859375e-01,-2.04890625e-01
4.45703125e-09,-2.04687500e-01,-2.04062500e-01
4.46703125e-09,-2.04031250e-01,-2.03328125e-01
4.47703125e-09,-2.03312500e-01,-2.02437500e-01
4.48703125e-09,-2.02906250e-01,-2.01562500e-01
4.49703125e-09,-2.02296875e-01,-2.00390625e-01
4.50703125e-09,-2.02000000e-01,-1.99390625e-01
4.51703125e-09,-2.01484375e-01,-1.98406250e-01
4.52703125e-09,-2.01046875e-01,-1.97500000e-01
4.53703125e-09,-2.00281250e-01,-1.96453125e-01
4.54703125e-09,-1.99687500e-01,-1.95546875e-01
4.55703125e-09,-1.98937500e-01,-1.94812500e-01
4.56703125e-09,-1.98218750e-01,-1.94062500e-01
4.57703125e-09,-1.97250000e-01,-1.93125000e-01
4.58703125e-09,-1.96390625e-01,-1.92093750e-01
4.59703125e-09,-1.95500000e-01,-1.91250000e-01
4.60703125e-09,-1.94500000e-01,-1.90156250e-01
4.61703125e-09,-1.93171875e-01,-1.88703125e-01
4.62703125e-09,-1.91640625e-01,-1.86968750e-01
4.63703125e-09,-1.90031250e-01,-1.85546875e-01
4.64703125e-09,-1.88000000e-01,-1.83843750e-01
4.65703125e-09,-1.85421875e-01,-1.81906250e-01
4.66703125e-09,-1.82437500e-01,-1.79796875e-01
4.67703125e-09,-1.79562500e-01,-1.78468750e-01
4.68703125e-09,-1.76343750e-01,-1.77109375e-01
4.69703125e-09,-1.72906250e-01,-1.75843750e-01
4.70703125e-09,-1.69437500e-01,-1.74640625e-01
4.71703125e-09,-1.66875000e-01,-1.74609375e-01
4.72703125e-09,-1.64593750e-01,-1.74625000e-01
4.73703125e-09,-1.62765625e-01,-1.74765625e-01
4.74703125e-09,-1.61453125e-01,-1.74765625e-01
4.75703125e-09,-1.61687500e-01,-1.75796875e-01
4.76703125e-09,-1.62406250e-01,-1.76421875e-01
4.77703125e-09,-1.63609375e-01,-1.76671875e-01
4.78703125e-09,-1.65031250e-01,-1.76187500e-01
4.79703125e-09,-1.67656250e-01,-1.76312500e-01
4.80703125e-09,-1.70031250e-01,-1.75515625e-01
4.81703125e-09,-1.72078125e-01,-1.73968750e-01
4.82703125e-09,-1.73375000e-01,-1.71421875e-01
4.83703125e-09,-1.75140625e-01,-1.69562500e-01
4.84703125e-09,-1.75843750e-01,-1.66875000e-01
4.85703125e-09,-1.75640625e-01,-1.63750000e-01
4.86703125e-09,-1.74281250e-01,-1.60109375e-01
4.87703125e-09,-1.73421875e-01,-1.57796875e-01
4.88703125e-09,-1.71625000e-01,-1.55296875e-01
4.89703125e-09,-1.69296875e-01,-1.53078125e-01
4.90703125e-09,-1.66406250e-01,-1.50968750e-01
4.91703125e-09,-1.64734375e-01,-1.50796875e-01
4.92703125e-09,-1.62875000e-01,-1.50906250e-01
4.93703125e-09,-1.61218750e-01,-1.51625000e-01
4.94703125e-09,-1.59625000e-01,-1.52656250e-01
4.95703125e-09,-1.59828125e-01,-1.55625000e-01
4.96703125e-09,-1.60187500e-01,-1.58781250e-01
4.97703125e-09,-1.60953125e-01,-1.62265625e-01
4.98703125e-09,-1.61828125e-01,-1.65703125e-01
4.99703125e-09,-1.64437500e-01,-1.70609375e-01
